29/05/2026;EQUITY-A;;;;;;;;;;;;;;;;;;;;;;;;;;;;;;;;;;;;
;;;;;;;;;;;;;;;;;;;;;;;;;;;;;;;;;;;;;
Resumo da Carteira - Conteudo;;;;;;;;;;;;;;;;;;;;;;;;;;;;;;;;;;;;;
Patrimonio Liquido;Valor da Cota Liquida;Cota Congelada;Valor da Cota Bruta;Quantidade de Cotas;portfolio-front.export-file.portfolio-view-panel-data.fields.start-date-variation;Variacao Diaria;Variacao Mensal;Variacao Anual;Variacao 6 Meses;Variacao 12 Meses;Contribuicao Total;Contribuicao Erro;Exposicao Total;;;;;;;;;;;;;;;;;;;;;;;;
302.698.176,05;1.181,49;true;1.181,49;256.200,00;0,100874;-0,000913;-0,000913;0,100874;0,100874;0,100874;-0,000913;0;302.698.176,05;;;;;;;;;;;;;;;;;;;;;;;;
;;;;;;;;;;;;;;;;;;;;;;;;;;;;;;;;;;;;;
Resumo da Carteira - Informacoes Adicionais;;;;;;;;;;;;;;;;;;;;;;;;;;;;;;;;;;;;;
Equities Net.;Net Delta=1;Gross;Gross Delta=1;Long Exp.;Short Exp.;Patrimonio Bruto;Valor da Cota sem Amortizacoes;;;;;;;;;;;;;;;;;;;;;;;;;;;;;;
0;0;0;0;0;0;302.698.176,05;1.181,49;;;;;;;;;;;;;;;;;;;;;;;;;;;;;;
;;;;;;;;;;;;;;;;;;;;;;;;;;;;;;;;;;;;;
Acoes e Recibos;;;;;;;;;;;;;;;;;;;;;;;;;;;;;;;;;;;;;
;;;;;;;;;;;;;;;;;;;;;;;;;;;;;;;;;;;;;
;;;;;;;;;;;;;;;;;;;;;;;;;;;;;;;;;;;;;
Criptomoedas;;;;;;;;;;;;;;;;;;;;;;;;;;;;;;;;;;;;;
;;;;;;;;;;;;;;;;;;;;;;;;;;;;;;;;;;;;;
;;;;;;;;;;;;;;;;;;;;;;;;;;;;;;;;;;;;;
Imoveis;;;;;;;;;;;;;;;;;;;;;;;;;;;;;;;;;;;;;
;;;;;;;;;;;;;;;;;;;;;;;;;;;;;;;;;;;;;
;;;;;;;;;;;;;;;;;;;;;;;;;;;;;;;;;;;;;
Acoes, Opcoes e Recibos;;;;;;;;;;;;;;;;;;;;;;;;;;;;;;;;;;;;;
;;;;;;;;;;;;;;;;;;;;;;;;;;;;;;;;;;;;;
;;;;;;;;;;;;;;;;;;;;;;;;;;;;;;;;;;;;;
ETFs;;;;;;;;;;;;;;;;;;;;;;;;;;;;;;;;;;;;;
;;;;;;;;;;;;;;;;;;;;;;;;;;;;;;;;;;;;;
;;;;;;;;;;;;;;;;;;;;;;;;;;;;;;;;;;;;;
Opcoes e Direitos;;;;;;;;;;;;;;;;;;;;;;;;;;;;;;;;;;;;;
;;;;;;;;;;;;;;;;;;;;;;;;;;;;;;;;;;;;;
;;;;;;;;;;;;;;;;;;;;;;;;;;;;;;;;;;;;;
Futuros e Opcoes de Moeda;;;;;;;;;;;;;;;;;;;;;;;;;;;;;;;;;;;;;
;;;;;;;;;;;;;;;;;;;;;;;;;;;;;;;;;;;;;
;;;;;;;;;;;;;;;;;;;;;;;;;;;;;;;;;;;;;
Futuros;;;;;;;;;;;;;;;;;;;;;;;;;;;;;;;;;;;;;
;;;;;;;;;;;;;;;;;;;;;;;;;;;;;;;;;;;;;
;;;;;;;;;;;;;;;;;;;;;;;;;;;;;;;;;;;;;
Termos;;;;;;;;;;;;;;;;;;;;;;;;;;;;;;;;;;;;;
;;;;;;;;;;;;;;;;;;;;;;;;;;;;;;;;;;;;;
;;;;;;;;;;;;;;;;;;;;;;;;;;;;;;;;;;;;;
Swaps;;;;;;;;;;;;;;;;;;;;;;;;;;;;;;;;;;;;;
;;;;;;;;;;;;;;;;;;;;;;;;;;;;;;;;;;;;;
;;;;;;;;;;;;;;;;;;;;;;;;;;;;;;;;;;;;;
Commodities a Vista;;;;;;;;;;;;;;;;;;;;;;;;;;;;;;;;;;;;;
;;;;;;;;;;;;;;;;;;;;;;;;;;;;;;;;;;;;;
;;;;;;;;;;;;;;;;;;;;;;;;;;;;;;;;;;;;;
Cotas de Fundos;;;;;;;;;;;;;;;;;;;;;;;;;;;;;;;;;;;;;
Instrumento (Nome);Instrumento (Nome Completo);Id do Instrumento;ISIN;Quantidade;Preco;Data Preco;Delta Preco;Valor Liquido;Valor Bruto;PnL (% PL);PnL ($);% / Total (Bruto);Exposicao (% PL);Exposicao ($);% / Total (Acumulado);Moeda;Valor na Moeda Original;Id da Estrategia;Estrategia;Id Emissor;Setor;Emissor;Id do Custodiante;Nome do Custodiante;Criacao;Ultima Atualizacao;Id de Origem;Fonte;Id Interno;Data de Referencia;Codigo da Conta;Nome da Conta;Spread Diario (Padrao);Spread Mensal (Padrao);portfolio-front.models.fund-asset-positions.fields.daily-spread;portfolio-front.models.fund-asset-positions.fields.monthly-spread;Data de Alocacao Inicial
YVY DIANA FIP MULT;YVY DIANA FIP MULT;156;BR0M7GCTF023;252.378,32;1.200,58;29/05/2026;0,008583;303.000.920,12;303.000.920,12;0,008583;26.005,19;0;100,100015;303.000.920,12;100,100015;real;1.200,58;1;Padrao;;;;;BTG Pactual;;;;aprovacao de cota externa;35.246;29/05/2026;6;Padrao;spread;spread;;;
;;;;;;;;;;;;;;;;;;;;;;;;;;;;;;;;;;;;;
Titulos Publicos;;;;;;;;;;;;;;;;;;;;;;;;;;;;;;;;;;;;;
;;;;;;;;;;;;;;;;;;;;;;;;;;;;;;;;;;;;;
;;;;;;;;;;;;;;;;;;;;;;;;;;;;;;;;;;;;;
Titulos Privados;;;;;;;;;;;;;;;;;;;;;;;;;;;;;;;;;;;;;
;;;;;;;;;;;;;;;;;;;;;;;;;;;;;;;;;;;;;
;;;;;;;;;;;;;;;;;;;;;;;;;;;;;;;;;;;;;
Outros;;;;;;;;;;;;;;;;;;;;;;;;;;;;;;;;;;;;;
;;;;;;;;;;;;;;;;;;;;;;;;;;;;;;;;;;;;;
;;;;;;;;;;;;;;;;;;;;;;;;;;;;;;;;;;;;;
Caixa;;;;;;;;;;;;;;;;;;;;;;;;;;;;;;;;;;;;;
Id Interno;Moeda;Id da Estrategia;Estrategia;Codigo da Conta;Nome da Conta;Id do Custodiante;Nome do Custodiante;Valor Liquido;PnL (% PL);PnL ($);Id de Origem;Fonte;Criacao;Ultima Atualizacao;% / Total (Liq);;;;;;;;;;;;;;;;;;;;;;
10.412;real;2;Caixa;6;Padrao;;BTG Pactual;0;0;0;;;;;0;;;;;;;;;;;;;;;;;;;;;;
;;;;;;;;;;;;;;;;;;;;;;;;;;;;;;;;;;;;;
Provisoes;;;;;;;;;;;;;;;;;;;;;;;;;;;;;;;;;;;;;
Id Interno;Instrumento (Nome);Id de Categoria de Provisao;Id da Estrategia;Estrategia;Codigo da Conta;Nome da Conta;Moeda;Valor Liquido;Data Liquidacao;Status de Liquidacao;Ultima Atualizacao;Criacao;Id do Instrumento de Origem;Id do Contrato de Origem;Id de Provisao de Origem;PnL (% PL);PnL ($);% / Total (Liq);Valor Liquidado;;;;;;;;;;;;;;;;;;
;outros/nao categorizado;201;2;Caixa;6;Padrao;real;0;;;;;;;;-0,094928;-287.606,87;0;0;;;;;;;;;;;;;;;;;;
;ajuste de PL;204;1;Padrao;6;Padrao;real;-0,01;;;;;;;;0;-0,01;0;0;;;;;;;;;;;;;;;;;;
;taxa de gestao;105;2;Caixa;6;Padrao;real;-302.744,06;;;;;;;;-0,004996;-15.137,20;-0,100015;0;;;;;;;;;;;;;;;;;;
;;;;;;;;;;;;;;;;;;;;;;;;;;;;;;;;;;;;;
Aplicacoes e Resgates a Cotizar;;;;;;;;;;;;;;;;;;;;;;;;;;;;;;;;;;;;;
Id Interno;Data de Cotizacao;Valor;Cotizada?;Nº de Cotas;;;;;;;;;;;;;;;;;;;;;;;;;;;;;;;;;
;;;;;;;;;;;;;;;;;;;;;;;;;;;;;;;;;;;;;
Ativos com Vencimento Proximo;;;;;;;;;;;;;;;;;;;;;;;;;;;;;;;;;;;;;
Id Interno;Nome;Data Vencimento;;;;;;;;;;;;;;;;;;;;;;;;;;;;;;;;;;;
;;;;;;;;;;;;;;;;;;;;;;;;;;;;;;;;;;;;;
Cambios Utilizados;;;;;;;;;;;;;;;;;;;;;;;;;;;;;;;;;;;;;
Moeda;Instrumento de Cambio Direto;Instrumento de Cambio Indireto;Valor;Data do Cambio;Cambio Direto?;Mesma Data da Carteira?;;;;;;;;;;;;;;;;;;;;;;;;;;;;;;;
;;;;;;;;;;;;;;;;;;;;;;;;;;;;;;;;;;;;;
;;;;;;;;;;;;;;;;;;;;;;;;;;;;;;;;;;;;;
Exposicao e Cambio;;;;;;;;;;;;;;;;;;;;;;;;;;;;;;;;;;;;;
portfolio-front.export-file.footer-sections.fields.currency-exposures;;;;;;;;;;;;;;;;;;;;;;;;;;;;;;;;;;;;;
Moeda;Valor;Percentual;;;;;;;;;;;;;;;;;;;;;;;;;;;;;;;;;;;
Real;302.698.176,05;1;;;;;;;;;;;;;;;;;;;;;;;;;;;;;;;;;;;
;;;;;;;;;;;;;;;;;;;;;;;;;;;;;;;;;;;;;
portfolio-front.export-file.footer-sections.fields.delta-adjusted-currency-exposures;;;;;;;;;;;;;;;;;;;;;;;;;;;;;;;;;;;;;
Moeda;Valor;Percentual;;;;;;;;;;;;;;;;;;;;;;;;;;;;;;;;;;;
Real;302.698.176,05;1;;;;;;;;;;;;;;;;;;;;;;;;;;;;;;;;;;;
