fund_id,fund_name,date,drawdown
19,Fund H,2026-02-04,0
19,Fund H,2026-02-05,-0.04454507937
19,Fund H,2026-02-06,-0.04428755118
19,Fund H,2026-02-09,-0.04401936289
19,Fund H,2026-02-10,-0.0437518139
19,Fund H,2026-02-11,-0.04348397592
19,Fund H,2026-02-12,-0.04321483963
19,Fund H,2026-02-13,-0.04294643678
19,Fund H,2026-02-18,-0.04267775369
19,Fund H,2026-02-19,-0.04240786207
19,Fund H,2026-02-20,-0.04213705528
19,Fund H,2026-02-23,-0.0421776092
19,Fund H,2026-02-24,-0.04190779858
19,Fund H,2026-02-25,-0.04163613574
19,Fund H,2026-02-26,-0.0413641861
19,Fund H,2026-02-27,-0.04109200876
19,Fund H,2026-03-02,-0.04077679912
19,Fund H,2026-03-03,-0.04046081445
19,Fund H,2026-03-04,-0.04014559168
19,Fund H,2026-03-05,-0.03983009086
19,Fund H,2026-03-06,-0.03952368692
19,Fund H,2026-03-09,-0.03920990871
19,Fund H,2026-03-10,-0.03889552781
19,Fund H,2026-03-11,-0.03858250681
19,Fund H,2026-03-12,-0.03827062352
19,Fund H,2026-03-13,-0.0379568945
19,Fund H,2026-03-16,-0.03764431655
19,Fund H,2026-03-17,-0.04721385669
19,Fund H,2026-03-18,-0.04690469859
19,Fund H,2026-03-19,-0.04659679178
19,Fund H,2026-03-20,-0.04679919307
19,Fund H,2026-03-23,-0.04649936387
19,Fund H,2026-03-24,-0.04670176517
19,Fund H,2026-03-25,-0.04640176453
19,Fund H,2026-03-26,-0.04610149894
19,Fund H,2026-03-27,-0.04580097063
19,Fund H,2026-03-30,-0.04550017515
19,Fund H,2026-03-31,-0.04519916814
19,Fund H,2026-04-01,-0.04491808801
19,Fund H,2026-04-02,-0.0446367407
19,Fund H,2026-04-06,-0.04435512844
19,Fund H,2026-04-07,-0.04407325123
19,Fund H,2026-04-08,-0.04380043573
19,Fund H,2026-04-09,-0.0409564051
19,Fund H,2026-04-10,-0.03810247541
19,Fund H,2026-04-13,-0.03523861474
19,Fund H,2026-04-14,-0.03236479117
19,Fund H,2026-04-15,-0.02948097507
19,Fund H,2026-04-16,-0.02658713452
19,Fund H,2026-04-17,-0.02368323304
19,Fund H,2026-04-20,-0.02076924099
19,Fund H,2026-04-22,-0.01784512418
19,Fund H,2026-04-23,-0.01491085297
19,Fund H,2026-04-24,-0.01196639087
19,Fund H,2026-04-27,-0.00901170826
19,Fund H,2026-04-28,-0.00604677321
19,Fund H,2026-04-29,-0.00332423064
19,Fund H,2026-04-30,-0.00033868584
19,Fund H,2026-05-04,0
19,Fund H,2026-05-05,0
19,Fund H,2026-05-06,0
19,Fund H,2026-05-07,0
19,Fund H,2026-05-08,-0.028197795787800357
19,Fund H,2026-05-11,-0.02780848570019047
19,Fund H,2026-05-12,-0.02741891430489848
19,Fund H,2026-05-13,-0.027029082698734854
19,Fund H,2026-05-14,-0.026638990901461938
19,Fund H,2026-05-15,-0.026248636670052932
19,Fund H,2026-05-18,-0.025858022247534636
19,Fund H,2026-05-19,-0.025467145380999073
19,Fund H,2026-05-20,-0.025076008323354222
19,Fund H,2026-05-21,-0.02468460995802727
19,Fund H,2026-05-22,-0.02429294914868305
19,Fund H,2026-05-25,-0.023901027031656724
19,Fund H,2026-05-26,-0.02350884248049431
19,Fund H,2026-05-27,-0.023116395495195802
19,Fund H,2026-05-28,-0.022723687202215192
19,Fund H,2026-05-29,-0.0223307153486445
19,Fund H,2026-06-01,-0.021932163200107255
19,Fund H,2026-06-02,-0.021533347510742276
19,Fund H,2026-06-03,-0.021134269377360033
19,Fund H,2026-06-05,-0.020734927703150056
19,Fund H,2026-06-08,-0.02033932372185227
19,Fund H,2026-06-09,-0.01994361848815068
19,Fund H,2026-06-10,-0.019547649911244865
19,Fund H,2026-06-11,-0.019151420293448684
19,Fund H,2026-06-12,-0.018754927342329454
19,Fund H,2026-06-15,-0.018358635028475682
19,Fund H,2026-06-16,-0.017962080517634028
19,Fund H,2026-06-17,-0.017565263819685664
19,Fund H,2026-06-18,-0.017168182661960265
19,Fund H,2026-06-19,-0.016779114228374713
19,Fund H,2026-06-22,-0.016389791581790956
19,Fund H,2026-06-23,-0.01600021359575501
19,Fund H,2026-06-24,-0.015610381396720862
19,Fund H,2026-06-25,-0.015220292702137006
19,Fund H,2026-06-26,-0.014829948658219783
19,Fund H,2026-06-29,-0.014439349274850369
19,Fund H,2026-06-30,-0.014048520756905788
19,Fund H,2026-07-01,-0.013647968431210886
19,Fund H,2026-07-02,-0.013247160756182617
19,Fund H,2026-07-03,-0.012846096595485816
19,Fund H,2026-07-06,-0.012444775939239308
19,Fund H,2026-07-07,-0.012047231957141738
19,Fund H,2026-07-08,-0.011648254997113892
19,Fund H,2026-07-09,-0.011249022875495009
19,Fund H,2026-07-10,-0.0108495344263064
19,Fund H,2026-07-13,-0.010449788473688198
19,Fund H,2026-07-14,-0.010049787349597786
19,Fund H,2026-07-15,-0.009649527565980264
19,Fund H,2026-07-16,-0.009249012620771708
19,Fund H,2026-07-17,-0.008848239006154866
19,Fund H,2026-07-20,-0.008447209063968298
19,Fund H,2026-07-21,-0.008045921618352138
19,Fund H,2026-07-22,-0.007644376679187559
19,Fund H,2026-07-23,-0.007242574246474563
19,Fund H,2026-07-24,-0.006840513144353282
19,Fund H,2026-07-27,-0.0064381957047811005
19,Fund H,2026-07-28,-0.006035618449584293
19,Fund H,2026-07-29,-0.005632784856936584
19,Fund H,2026-07-30,-0.0052296914289019
19,Fund H,2026-07-31,-0.004826381286929463
19,Fund H,2026-08-03,-0.004432421464041508
19,Fund H,2026-08-04,-0.00403820297174527
19,Fund H,2026-08-05,-0.0036437258199219216
19,Fund H,2026-08-06,-0.0032489888425927737
19,Fund H,2026-08-07,-1.0016557696208879
19,Fund H,2026-08-10,-1.0012815217645847
19,Fund H,2026-08-11,-1.9746576969949883
25,Fund N,2026-06-30,0
25,Fund N,2026-07-01,0
25,Fund N,2026-07-02,0
25,Fund N,2026-07-03,0
25,Fund N,2026-07-06,0
25,Fund N,2026-07-07,0
25,Fund N,2026-07-14,0
25,Fund N,2026-07-15,0
25,Fund N,2026-07-16,0
25,Fund N,2026-07-17,0
25,Fund N,2026-07-20,0
25,Fund N,2026-07-21,0
25,Fund N,2026-07-22,0
25,Fund N,2026-07-23,0
25,Fund N,2026-07-24,0
25,Fund N,2026-07-27,0
25,Fund N,2026-07-28,0
25,Fund N,2026-07-29,0
25,Fund N,2026-07-30,0
25,Fund N,2026-07-31,0
25,Fund N,2026-08-03,0
25,Fund N,2026-08-04,0
25,Fund N,2026-08-05,0
25,Fund N,2026-08-06,0
25,Fund N,2026-08-07,0
25,Fund N,2026-08-10,0
25,Fund N,2026-08-11,0
22,Fund K,2026-06-25,0
22,Fund K,2026-06-26,0
22,Fund K,2026-06-29,0
22,Fund K,2026-06-30,0
22,Fund K,2026-07-01,0
22,Fund K,2026-07-02,0
22,Fund K,2026-07-03,0
22,Fund K,2026-07-06,0
22,Fund K,2026-07-07,0
22,Fund K,2026-07-08,0
22,Fund K,2026-07-09,0
22,Fund K,2026-07-10,0
22,Fund K,2026-07-13,0
22,Fund K,2026-07-14,0
22,Fund K,2026-07-15,0
22,Fund K,2026-07-16,0
22,Fund K,2026-07-17,0
22,Fund K,2026-07-20,0
22,Fund K,2026-07-21,0
22,Fund K,2026-07-22,0
22,Fund K,2026-07-23,0
22,Fund K,2026-07-24,0
22,Fund K,2026-07-27,0
22,Fund K,2026-07-28,0
22,Fund K,2026-07-29,0
22,Fund K,2026-07-30,0
22,Fund K,2026-07-31,0
22,Fund K,2026-08-03,0
22,Fund K,2026-08-04,0
22,Fund K,2026-08-05,0
22,Fund K,2026-08-06,0
22,Fund K,2026-08-07,0
22,Fund K,2026-08-10,0
22,Fund K,2026-08-11,0
23,Fund L,2026-06-25,0
23,Fund L,2026-07-07,0
23,Fund L,2026-07-08,0
23,Fund L,2026-07-09,0
23,Fund L,2026-07-10,0
23,Fund L,2026-07-13,0
23,Fund L,2026-07-14,0
23,Fund L,2026-07-15,0
23,Fund L,2026-07-16,0
23,Fund L,2026-07-20,0
23,Fund L,2026-07-21,0
23,Fund L,2026-07-22,0
23,Fund L,2026-07-23,0
23,Fund L,2026-07-24,0
23,Fund L,2026-07-27,0
23,Fund L,2026-07-28,0
23,Fund L,2026-07-29,0
23,Fund L,2026-07-30,0
23,Fund L,2026-07-31,0
23,Fund L,2026-08-03,0
23,Fund L,2026-08-04,0
23,Fund L,2026-08-05,0
23,Fund L,2026-08-06,0
23,Fund L,2026-08-07,0
23,Fund L,2026-08-10,0
23,Fund L,2026-08-11,0
24,Fund M,2026-06-25,0
24,Fund M,2026-07-07,0
24,Fund M,2026-07-08,0
24,Fund M,2026-07-09,0
24,Fund M,2026-07-10,0
24,Fund M,2026-07-13,0
24,Fund M,2026-07-14,0
24,Fund M,2026-07-15,0
24,Fund M,2026-07-20,0
24,Fund M,2026-07-21,0
24,Fund M,2026-07-22,0
24,Fund M,2026-07-23,0
24,Fund M,2026-07-24,0
24,Fund M,2026-07-27,0
24,Fund M,2026-07-28,0
24,Fund M,2026-07-29,0
24,Fund M,2026-07-30,0
24,Fund M,2026-07-31,0
24,Fund M,2026-08-03,0
24,Fund M,2026-08-04,0
24,Fund M,2026-08-05,0
24,Fund M,2026-08-06,0
24,Fund M,2026-08-07,0
24,Fund M,2026-08-10,0
24,Fund M,2026-08-11,0
20,Fund I,2026-02-04,0
20,Fund I,2026-02-05,-0.0465460208
20,Fund I,2026-02-06,-0.04728896333
20,Fund I,2026-02-09,-0.04802124576
20,Fund I,2026-02-10,-0.0487541653
20,Fund I,2026-02-11,-0.04948679803
20,Fund I,2026-02-12,-0.05021813027
20,Fund I,2026-02-13,-0.05095019814
20,Fund I,2026-02-18,-0.05168198358
20,Fund I,2026-02-19,-0.05241256048
20,Fund I,2026-02-20,-0.05314222222
20,Fund I,2026-02-23,-0.05418324466
20,Fund I,2026-02-24,-0.05491390257
20,Fund I,2026-02-25,-0.05564270826
20,Fund I,2026-02-26,-0.05637122715
20,Fund I,2026-02-27,-0.05709951834
20,Fund I,2026-03-02,-0.05778488889
20,Fund I,2026-03-03,-0.0584694844
20,Fund I,2026-03-04,-0.05915484182
20,Fund I,2026-03-05,-0.05983992118
20,Fund I,2026-03-06,-0.06053409743
20,Fund I,2026-03-09,-0.0612212173
20,Fund I,2026-03-10,-0.06190773508
20,Fund I,2026-03-11,-0.06260050794
20,Fund I,2026-03-12,-0.06329439956
20,Fund I,2026-03-13,-0.06398647619
20,Fund I,2026-03-16,-0.06467968692
20,Fund I,2026-03-17,-0.07509041708
20,Fund I,2026-03-18,-0.0757869907
20,Fund I,2026-03-19,-0.07648479256
20,Fund I,2026-03-20,-0.07768440504
20,Fund I,2026-03-23,-0.07839014997
20,Fund I,2026-03-24,-0.07958976245
20,Fund I,2026-03-25,-0.08029533881
20,Fund I,2026-03-26,-0.08100065681
20,Fund I,2026-03-27,-0.08170571429
20,Fund I,2026-03-30,-0.08241051122
20,Fund I,2026-03-31,-0.08311509797
20,Fund I,2026-04-01,-0.08384425616
20,Fund I,2026-04-02,-0.08457315161
20,Fund I,2026-04-06,-0.08530178654
20,Fund I,2026-04-07,-0.08603016092
20,Fund I,2026-04-08,-0.08676744609
20,Fund I,2026-04-09,-0.085041815
20,Fund I,2026-04-10,-0.08330667761
20,Fund I,2026-04-13,-0.08156200328
20,Fund I,2026-04-14,-0.07980776136
20,Fund I,2026-04-15,-0.07804392337
20,Fund I,2026-04-16,-0.07627045868
20,Fund I,2026-04-17,-0.07448733224
20,Fund I,2026-04-20,-0.0726945156
20,Fund I,2026-04-22,-0.07089197592
20,Fund I,2026-04-23,-0.06907968473
20,Fund I,2026-04-24,-0.06725760701
20,Fund I,2026-04-27,-0.06542571429
20,Fund I,2026-04-28,-0.06358397592
20,Fund I,2026-04-29,-0.06197501259
20,Fund I,2026-04-30,-0.06011348221
20,Fund I,2026-05-04,-0.02960046086
20,Fund I,2026-05-05,-0.02752942419
20,Fund I,2026-05-06,-0.02544823645
20,Fund I,2026-05-07,-0.02335686371
20,Fund I,2026-05-08,-0.05226811275
20,Fund I,2026-05-11,-0.05286467542
20,Fund I,2026-05-12,-0.05346098194
20,Fund I,2026-05-13,-0.05405703339
20,Fund I,2026-05-14,-0.05465282978
20,Fund I,2026-05-15,-0.05524836891
20,Fund I,2026-05-18,-0.05584365298
20,Fund I,2026-05-19,-0.0564386798
20,Fund I,2026-05-20,-0.05703345156
20,Fund I,2026-05-21,-0.05762796716
20,Fund I,2026-05-22,-0.05822222551
20,Fund I,2026-05-25,-0.0588162277
20,Fund I,2026-05-26,-0.05940997263
20,Fund I,2026-05-27,-0.06000346032
20,Fund I,2026-05-28,-0.06059669184
20,Fund I,2026-05-29,-0.06118966502
20,Fund I,2026-06-01,-0.06177586535
20,Fund I,2026-06-02,-0.06236180733
20,Fund I,2026-06-03,-0.06294749097
20,Fund I,2026-06-05,-0.06353291735
20,Fund I,2026-06-08,-0.06412200657
20,Fund I,2026-06-09,-0.06471889984
20,Fund I,2026-06-10,-0.06531553914
20,Fund I,2026-06-11,-0.06591192885
20,Fund I,2026-06-12,-0.06650806459
20,Fund I,2026-06-15,-0.06710439409
20,Fund I,2026-06-16,-0.06770047072
20,Fund I,2026-06-17,-0.06829629666
20,Fund I,2026-06-18,-0.06889186754
20,Fund I,2026-06-19,-0.0694951341
20,Fund I,2026-06-22,-0.07009815545
20,Fund I,2026-06-23,-0.07070093268
20,Fund I,2026-06-24,-0.0713034647
20,Fund I,2026-06-25,-0.07190575151
20,Fund I,2026-06-26,-0.07250779201
20,Fund I,2026-06-29,-0.0731095884
20,Fund I,2026-06-30,-0.07371116366
20,Fund I,2026-07-01,-0.07430113519
20,Fund I,2026-07-02,-0.07489086152
20,Fund I,2026-07-03,-0.07548034154
20,Fund I,2026-07-06,-0.07606957526
20,Fund I,2026-07-07,-0.07666243569
20,Fund I,2026-07-08,-0.07726220471
20,Fund I,2026-07-09,-0.07786173399
20,Fund I,2026-07-10,-0.07846102244
20,Fund I,2026-07-13,-0.07906006897
20,Fund I,2026-07-14,-0.07965887575
20,Fund I,2026-07-15,-0.08025743952
20,Fund I,2026-07-16,-0.08085576355
20,Fund I,2026-07-17,-0.08145384455
20,Fund I,2026-07-20,-0.08205168473
20,Fund I,2026-07-21,-0.08264928298
20,Fund I,2026-07-22,-0.0832466393
20,Fund I,2026-07-23,-0.08384375369
20,Fund I,2026-07-24,-0.08444062616
20,Fund I,2026-07-27,-0.0850372567
20,Fund I,2026-07-28,-0.08563364423
20,Fund I,2026-07-29,-0.08622978982
20,Fund I,2026-07-30,-0.08682569239
20,Fund I,2026-07-31,-0.08742139026
20,Fund I,2026-08-03,-0.08802814012
20,Fund I,2026-08-04,-0.08863464696
20,Fund I,2026-08-05,-0.08924090969
20,Fund I,2026-08-06,-0.08984692939
20,Fund I,2026-08-07,-1.02885633279
20,Fund I,2026-08-10,-1.02948160482
20,Fund I,2026-08-11,-1.9449740197
11,Fund A,2025-12-01,0
11,Fund A,2025-12-02,0
11,Fund A,2025-12-03,-0.0005120180146224409
11,Fund A,2025-12-04,0
11,Fund A,2025-12-05,0
11,Fund A,2025-12-08,-0.0009123735792939005
11,Fund A,2025-12-09,-0.0002003396204957071
11,Fund A,2025-12-10,0
11,Fund A,2025-12-11,-0.000037833885251954906
11,Fund A,2025-12-12,0
11,Fund A,2025-12-15,-0.00019700345589850112
11,Fund A,2025-12-16,0
11,Fund A,2025-12-17,0
11,Fund A,2025-12-18,-0.0005054407566008843
11,Fund A,2025-12-19,-0.000687602310956292
11,Fund A,2025-12-22,0
11,Fund A,2025-12-23,-0.0003673508208094884
11,Fund A,2025-12-24,-0.00005899964957169595
11,Fund A,2025-12-26,-0.00013885277552322945
11,Fund A,2025-12-29,-0.0003962777478925936
11,Fund A,2025-12-30,-0.00031376285107600897
11,Fund A,2025-12-31,0
11,Fund A,2026-01-02,-0.0013275330139119951
11,Fund A,2026-01-05,0
11,Fund A,2026-01-06,0
11,Fund A,2026-01-07,0
11,Fund A,2026-01-08,0
11,Fund A,2026-01-09,0
11,Fund A,2026-01-12,0
11,Fund A,2026-01-13,0
11,Fund A,2026-01-14,0
11,Fund A,2026-01-15,0
11,Fund A,2026-01-16,0
11,Fund A,2026-01-19,0
11,Fund A,2026-01-20,0
11,Fund A,2026-01-21,0
11,Fund A,2026-01-22,-0.00032684788513117957
11,Fund A,2026-01-23,0
11,Fund A,2026-01-26,0
11,Fund A,2026-01-27,0
11,Fund A,2026-01-28,0
11,Fund A,2026-01-29,0
11,Fund A,2026-01-30,0
11,Fund A,2026-02-02,-0.00014553898818012363
11,Fund A,2026-02-03,-0.0001223644842865052
11,Fund A,2026-02-04,-0.00029525938796307646
11,Fund A,2026-02-05,-0.000013820211957392227
11,Fund A,2026-02-06,0
11,Fund A,2026-02-09,0
11,Fund A,2026-02-10,0
11,Fund A,2026-02-11,-0.00014216791187573202
11,Fund A,2026-02-12,-0.0018564226007305117
11,Fund A,2026-02-13,-0.0030325538343870567
11,Fund A,2026-02-18,-0.0030455376771140797
11,Fund A,2026-02-19,-0.0026878534739252754
11,Fund A,2026-02-20,-0.00131990921091023
11,Fund A,2026-02-23,0
11,Fund A,2026-02-24,0
11,Fund A,2026-02-25,0
11,Fund A,2026-02-26,0
11,Fund A,2026-02-27,0
11,Fund A,2026-03-02,-0.0006031221725161648
11,Fund A,2026-03-03,-0.0002845168516030493
11,Fund A,2026-03-04,0
11,Fund A,2026-03-05,0
11,Fund A,2026-03-06,0
11,Fund A,2026-03-09,0
11,Fund A,2026-03-10,-0.0003574936099633162
11,Fund A,2026-03-11,-0.00018561723681334046
11,Fund A,2026-03-12,-0.0010279107761631716
11,Fund A,2026-03-13,-0.0010808023996599116
11,Fund A,2026-03-16,-0.0006387917765596875
11,Fund A,2026-03-17,0
11,Fund A,2026-03-18,-0.001708762872370049
11,Fund A,2026-03-19,-0.0038203025079443778
11,Fund A,2026-03-20,-0.000386634881024015
11,Fund A,2026-03-23,-0.0015530185298280115
11,Fund A,2026-03-24,-0.0014878690032340681
11,Fund A,2026-03-25,-0.001370793284069781
11,Fund A,2026-03-26,-0.0019793490892995712
11,Fund A,2026-03-27,-0.0016675779640713028
11,Fund A,2026-03-30,-0.0019119314827598323
11,Fund A,2026-03-31,-0.0034313054002598365
11,Fund A,2026-04-01,-0.0029129935004959607
11,Fund A,2026-04-02,-0.004791186224213055
11,Fund A,2026-04-06,-0.004787805501274982
11,Fund A,2026-04-07,-0.0053794491330221616
11,Fund A,2026-04-08,-0.005905669356823452
11,Fund A,2026-04-09,-0.00614618853658475
11,Fund A,2026-04-10,-0.004272985588748406
11,Fund A,2026-04-13,-0.0032231298964048066
11,Fund A,2026-04-14,-0.0027844917936802136
11,Fund A,2026-04-15,-0.0030677792583061903
11,Fund A,2026-04-16,-0.0032019297680058053
11,Fund A,2026-04-17,-0.003776173375112222
11,Fund A,2026-04-20,-0.00637307356029453
11,Fund A,2026-04-22,-0.005641236911520447
11,Fund A,2026-04-23,-0.00507378042666692
11,Fund A,2026-04-24,-0.008048782377001703
11,Fund A,2026-04-27,-0.007976477700088195
11,Fund A,2026-04-28,-0.012835740557844106
11,Fund A,2026-04-29,-0.012497094824956223
11,Fund A,2026-04-30,-0.012510994303567438
11,Fund A,2026-05-04,-0.014200953509368005
11,Fund A,2026-05-05,-0.012076841007980945
11,Fund A,2026-05-06,-0.012126413532683011
11,Fund A,2026-05-07,-0.0120102022515358
11,Fund A,2026-05-08,-0.013172665973490082
11,Fund A,2026-05-11,-0.012696043950767602
11,Fund A,2026-05-12,-0.012964747233402501
11,Fund A,2026-05-13,-0.013487561057888975
11,Fund A,2026-05-14,-0.013074436714856518
11,Fund A,2026-05-15,-0.01380208811422119
11,Fund A,2026-05-18,-0.013852174166458153
11,Fund A,2026-05-19,-0.014941040833869434
11,Fund A,2026-05-20,-0.014590583967678919
11,Fund A,2026-05-21,-0.01552347520515746
11,Fund A,2026-05-22,-0.013965937633022354
11,Fund A,2026-05-25,-0.0141595631900553
11,Fund A,2026-05-26,-0.012311428944714181
11,Fund A,2026-05-27,-0.01099293844007367
11,Fund A,2026-05-28,-0.011190851952023005
11,Fund A,2026-05-29,-0.010138856561617334
11,Fund A,2026-06-01,-0.009729737733357075
11,Fund A,2026-06-02,-0.0079752024400432
11,Fund A,2026-06-03,-0.005436245278381779
11,Fund A,2026-06-05,-0.006756002484275038
11,Fund A,2026-06-08,-0.007169631796050143
11,Fund A,2026-06-09,-0.0063759921084511955
11,Fund A,2026-06-10,-0.0025703850467971223
11,Fund A,2026-06-11,-0.0016783962774731347
11,Fund A,2026-06-12,-0.0011720153341033678
11,Fund A,2026-06-15,-0.0015661049231756388
11,Fund A,2026-06-16,0
11,Fund A,2026-06-17,0
11,Fund A,2026-06-18,-0.0003201628838807261
11,Fund A,2026-06-19,-0.0006616295602001048
11,Fund A,2026-06-22,-0.0012843472655413087
11,Fund A,2026-06-23,-0.00046640454239189254
11,Fund A,2026-06-24,0
11,Fund A,2026-06-25,-0.001284010775273274
11,Fund A,2026-06-26,-0.002129554088033699
11,Fund A,2026-06-29,-0.0012379811177234338
11,Fund A,2026-06-30,-0.0010404869309936528
11,Fund A,2026-07-01,0
11,Fund A,2026-07-02,0
11,Fund A,2026-07-03,0
11,Fund A,2026-07-06,-0.00081990016119254
11,Fund A,2026-07-07,0
11,Fund A,2026-07-08,0
11,Fund A,2026-07-09,0
11,Fund A,2026-07-10,-0.0002848754959445773
11,Fund A,2026-07-13,-0.0006454004989423067
11,Fund A,2026-07-14,-0.0004092471201903113
11,Fund A,2026-07-15,0
11,Fund A,2026-07-16,0
11,Fund A,2026-07-17,0
11,Fund A,2026-07-20,0
11,Fund A,2026-07-21,0
11,Fund A,2026-07-22,-0.0001366508760395908
11,Fund A,2026-07-23,0
11,Fund A,2026-07-24,0
11,Fund A,2026-07-27,0
11,Fund A,2026-07-28,0
11,Fund A,2026-07-29,-0.000653086000921976
11,Fund A,2026-07-30,0
11,Fund A,2026-07-31,-0.0005274902134888992
11,Fund A,2026-08-03,-0.00021944441756619466
11,Fund A,2026-08-04,0
11,Fund A,2026-08-05,0
11,Fund A,2026-08-06,0
11,Fund A,2026-08-07,0
11,Fund A,2026-08-10,0
11,Fund A,2026-08-11,0
18,Fund G,2026-01-30,0
18,Fund G,2026-02-02,0
18,Fund G,2026-02-03,0
18,Fund G,2026-02-04,-4.658832151083814e-11
18,Fund G,2026-02-05,0
18,Fund G,2026-02-06,0
18,Fund G,2026-02-09,0
18,Fund G,2026-02-10,0
18,Fund G,2026-02-11,-4.658832151083814e-11
18,Fund G,2026-02-12,-4.658832151083814e-11
18,Fund G,2026-02-13,-4.658832151083814e-11
18,Fund G,2026-02-18,-4.658832151083814e-11
18,Fund G,2026-02-19,-4.658832151083814e-11
18,Fund G,2026-02-20,0
18,Fund G,2026-02-23,0
18,Fund G,2026-02-24,0
18,Fund G,2026-02-25,0
18,Fund G,2026-02-26,0
18,Fund G,2026-02-27,-0.0007516421891126954
18,Fund G,2026-03-02,-0.0007516421891126954
18,Fund G,2026-03-03,-0.0007516421891126954
18,Fund G,2026-03-04,-0.0007516421891126954
18,Fund G,2026-03-05,-0.0007516421891126954
18,Fund G,2026-03-06,-0.0007516421891126954
18,Fund G,2026-03-09,-0.0007516421891126954
18,Fund G,2026-03-10,-0.0007516421891126954
18,Fund G,2026-03-11,-0.0007516421891126954
18,Fund G,2026-03-12,-0.0007516421891126954
18,Fund G,2026-03-13,-0.0007516421891126954
18,Fund G,2026-03-16,-0.0007516421891126954
18,Fund G,2026-03-17,-0.0007516421891126954
18,Fund G,2026-03-18,-0.0007516421891126954
18,Fund G,2026-03-19,-0.0007516421891126954
18,Fund G,2026-03-20,-0.0007516421891126954
18,Fund G,2026-03-23,-0.0007516421891126954
18,Fund G,2026-03-24,-0.0007516421891126954
18,Fund G,2026-03-25,-0.0007516421891126954
18,Fund G,2026-03-26,-0.0007516421891126954
18,Fund G,2026-03-27,-0.0007516421891126954
18,Fund G,2026-03-30,-0.0007516421891126954
18,Fund G,2026-03-31,0
18,Fund G,2026-04-01,0
18,Fund G,2026-04-02,0
18,Fund G,2026-04-06,0
18,Fund G,2026-04-07,0
18,Fund G,2026-04-08,0
18,Fund G,2026-04-09,0
18,Fund G,2026-04-10,0
18,Fund G,2026-04-13,0
18,Fund G,2026-04-14,0
18,Fund G,2026-04-15,0
18,Fund G,2026-04-16,0
18,Fund G,2026-04-17,0
18,Fund G,2026-04-20,0
18,Fund G,2026-04-22,0
18,Fund G,2026-04-23,0
18,Fund G,2026-04-24,0
18,Fund G,2026-04-27,0
18,Fund G,2026-04-28,0
18,Fund G,2026-04-29,0
18,Fund G,2026-04-30,-0.0008436496075425369
18,Fund G,2026-05-04,-0.0008436496075425369
18,Fund G,2026-05-05,-0.0008436496075425369
18,Fund G,2026-05-06,-0.0008436496075425369
18,Fund G,2026-05-07,-0.0008436496075425369
18,Fund G,2026-05-08,-0.0008436496075425369
18,Fund G,2026-05-11,-0.0008436496075425369
18,Fund G,2026-05-12,-0.0008436496075425369
18,Fund G,2026-05-13,-0.0008436496075425369
18,Fund G,2026-05-14,-0.0008436496075425369
18,Fund G,2026-05-15,-0.0008436496075425369
18,Fund G,2026-05-18,-0.0008436496075425369
18,Fund G,2026-05-19,-0.0008436496075425369
18,Fund G,2026-05-20,-0.0008436496075425369
18,Fund G,2026-05-21,-0.0008436496075425369
18,Fund G,2026-05-22,-0.0008436496075425369
18,Fund G,2026-05-25,-0.0008436496075425369
18,Fund G,2026-05-26,-0.0008436496075425369
18,Fund G,2026-05-27,-0.0008436496075425369
18,Fund G,2026-05-28,-0.0008436496075425369
18,Fund G,2026-05-29,-0.00175628429639738
18,Fund G,2026-06-01,-0.00175628429639738
18,Fund G,2026-06-02,-0.00175628429639738
18,Fund G,2026-06-03,-0.00175628429639738
18,Fund G,2026-06-05,-0.00175628429639738
18,Fund G,2026-06-08,-0.00175628429639738
18,Fund G,2026-06-09,-0.00175628429639738
18,Fund G,2026-06-10,-0.00175628429639738
18,Fund G,2026-06-11,-0.00175628429639738
18,Fund G,2026-06-12,-0.00175628429639738
18,Fund G,2026-06-15,-0.00175628429639738
18,Fund G,2026-06-16,-0.00175628429639738
18,Fund G,2026-06-17,-0.00175628429639738
18,Fund G,2026-06-18,-0.00175628429639738
18,Fund G,2026-06-19,-0.00175628429639738
18,Fund G,2026-06-22,-0.00175628429639738
18,Fund G,2026-06-23,-0.00175628429639738
18,Fund G,2026-06-24,-0.00175628429639738
18,Fund G,2026-06-25,-0.00175628429639738
18,Fund G,2026-06-26,-0.00175628429639738
18,Fund G,2026-06-29,-0.00175628429639738
18,Fund G,2026-06-30,-0.002595061358952329
18,Fund G,2026-07-01,-0.002595061358952329
18,Fund G,2026-07-02,-0.002595061358952329
18,Fund G,2026-07-03,-0.002595061358952329
18,Fund G,2026-07-06,-0.002595061358952329
18,Fund G,2026-07-07,-0.002595061358952329
18,Fund G,2026-07-08,-0.002595061358952329
18,Fund G,2026-07-09,-0.002595061358952329
18,Fund G,2026-07-10,-0.002595061358952329
18,Fund G,2026-07-13,-0.002595061358952329
18,Fund G,2026-07-14,-0.002595061358952329
18,Fund G,2026-07-15,-0.002595061358952329
18,Fund G,2026-07-16,-0.002595061358952329
18,Fund G,2026-07-17,-0.002595061358952329
18,Fund G,2026-07-20,-0.002595061358952329
18,Fund G,2026-07-21,-0.002595061358952329
18,Fund G,2026-07-22,-0.002595061358952329
18,Fund G,2026-07-23,-0.002595061358952329
18,Fund G,2026-07-24,-0.002595061358952329
18,Fund G,2026-07-27,-0.002595061358952329
18,Fund G,2026-07-28,-0.002595061358952329
18,Fund G,2026-07-29,-0.002595061358952329
18,Fund G,2026-07-30,-0.002595061358952329
18,Fund G,2026-07-31,-0.0035267600596126064
18,Fund G,2026-08-03,-0.0035267600596126064
18,Fund G,2026-08-04,-0.0035267600596126064
18,Fund G,2026-08-05,-0.0035267600596126064
18,Fund G,2026-08-06,-0.0035267600596126064
18,Fund G,2026-08-07,-0.0035267600596126064
18,Fund G,2026-08-10,-0.0035267600596126064
18,Fund G,2026-08-11,-0.0035680260038852838
16,Fund E,2026-01-30,0
16,Fund E,2026-02-20,0
16,Fund E,2026-02-23,0
16,Fund E,2026-02-24,0
16,Fund E,2026-02-25,0
16,Fund E,2026-02-26,0
16,Fund E,2026-02-27,0
16,Fund E,2026-03-02,0
16,Fund E,2026-03-03,0
16,Fund E,2026-03-04,0
16,Fund E,2026-03-05,0
16,Fund E,2026-03-06,0
16,Fund E,2026-03-09,0
16,Fund E,2026-03-10,0
16,Fund E,2026-03-11,0
16,Fund E,2026-03-12,0
16,Fund E,2026-03-13,0
16,Fund E,2026-03-16,0
16,Fund E,2026-03-17,0
16,Fund E,2026-03-18,0
16,Fund E,2026-03-19,0
16,Fund E,2026-03-20,0
16,Fund E,2026-03-23,0
16,Fund E,2026-03-24,0
16,Fund E,2026-03-25,0
16,Fund E,2026-03-26,0
16,Fund E,2026-03-27,0
16,Fund E,2026-03-30,0
16,Fund E,2026-03-31,0
16,Fund E,2026-04-01,0
16,Fund E,2026-04-02,0
16,Fund E,2026-04-06,0
16,Fund E,2026-04-07,0
16,Fund E,2026-04-08,0
16,Fund E,2026-04-09,0
16,Fund E,2026-04-10,0
16,Fund E,2026-04-13,0
16,Fund E,2026-04-14,0
16,Fund E,2026-04-15,0
16,Fund E,2026-04-16,0
16,Fund E,2026-04-17,0
16,Fund E,2026-04-20,0
16,Fund E,2026-04-22,0
16,Fund E,2026-04-23,0
16,Fund E,2026-04-24,0
16,Fund E,2026-04-27,0
16,Fund E,2026-04-28,0
16,Fund E,2026-04-29,0
16,Fund E,2026-04-30,0
16,Fund E,2026-05-04,0
16,Fund E,2026-05-05,0
16,Fund E,2026-05-06,0
16,Fund E,2026-05-07,0
16,Fund E,2026-05-08,0
16,Fund E,2026-05-11,0
16,Fund E,2026-05-12,0
16,Fund E,2026-05-13,0
16,Fund E,2026-05-14,0
16,Fund E,2026-05-15,0
16,Fund E,2026-05-18,0
16,Fund E,2026-05-19,0
16,Fund E,2026-05-20,0
16,Fund E,2026-05-21,0
16,Fund E,2026-05-22,0
16,Fund E,2026-05-25,0
16,Fund E,2026-05-26,0
16,Fund E,2026-05-27,0
16,Fund E,2026-05-28,0
16,Fund E,2026-05-29,0
16,Fund E,2026-06-01,0
16,Fund E,2026-06-02,0
16,Fund E,2026-06-03,0
16,Fund E,2026-06-05,0
16,Fund E,2026-06-08,0
16,Fund E,2026-06-09,0
16,Fund E,2026-06-10,0
16,Fund E,2026-06-11,0
16,Fund E,2026-06-12,0
16,Fund E,2026-06-15,0
16,Fund E,2026-06-16,0
16,Fund E,2026-06-17,0
16,Fund E,2026-06-18,0
16,Fund E,2026-06-19,0
16,Fund E,2026-06-22,0
16,Fund E,2026-06-23,0
16,Fund E,2026-06-24,0
16,Fund E,2026-06-25,0
16,Fund E,2026-06-26,0
16,Fund E,2026-06-29,0
16,Fund E,2026-06-30,0
16,Fund E,2026-07-01,0
16,Fund E,2026-07-02,0
16,Fund E,2026-07-03,0
16,Fund E,2026-07-06,0
16,Fund E,2026-07-07,0
16,Fund E,2026-07-08,0
16,Fund E,2026-07-09,0
16,Fund E,2026-07-10,0
16,Fund E,2026-07-13,0
16,Fund E,2026-07-14,0
16,Fund E,2026-07-15,0
16,Fund E,2026-07-16,0
16,Fund E,2026-07-17,0
16,Fund E,2026-07-20,0
16,Fund E,2026-07-21,0
16,Fund E,2026-07-22,0
16,Fund E,2026-07-23,0
16,Fund E,2026-07-24,0
16,Fund E,2026-07-27,0
16,Fund E,2026-07-28,0
16,Fund E,2026-07-29,0
16,Fund E,2026-07-30,0
16,Fund E,2026-07-31,0
16,Fund E,2026-08-03,0
16,Fund E,2026-08-04,0
16,Fund E,2026-08-05,0
16,Fund E,2026-08-06,0
16,Fund E,2026-08-07,0
16,Fund E,2026-08-10,0
16,Fund E,2026-08-11,0
17,Fund F,2026-01-30,0
17,Fund F,2026-02-02,0
17,Fund F,2026-02-03,0
17,Fund F,2026-02-04,0
17,Fund F,2026-02-05,0
17,Fund F,2026-02-06,0
17,Fund F,2026-02-09,0
17,Fund F,2026-02-10,0
17,Fund F,2026-02-11,0
17,Fund F,2026-02-12,0
17,Fund F,2026-02-13,0
17,Fund F,2026-02-18,0
17,Fund F,2026-02-19,0
17,Fund F,2026-02-20,0
17,Fund F,2026-02-23,0
17,Fund F,2026-02-24,0
17,Fund F,2026-02-25,0
17,Fund F,2026-02-26,0
17,Fund F,2026-02-27,0
17,Fund F,2026-03-02,0
17,Fund F,2026-03-03,0
17,Fund F,2026-03-04,0
17,Fund F,2026-03-05,0
17,Fund F,2026-03-06,0
17,Fund F,2026-03-09,0
17,Fund F,2026-03-10,0
17,Fund F,2026-03-11,0
17,Fund F,2026-03-12,0
17,Fund F,2026-03-13,0
17,Fund F,2026-03-16,0
17,Fund F,2026-03-17,0
17,Fund F,2026-03-18,0
17,Fund F,2026-03-19,0
17,Fund F,2026-03-20,0
17,Fund F,2026-03-23,0
17,Fund F,2026-03-24,0
17,Fund F,2026-03-25,0
17,Fund F,2026-03-26,0
17,Fund F,2026-03-27,0
17,Fund F,2026-03-30,0
17,Fund F,2026-03-31,0
17,Fund F,2026-04-01,0
17,Fund F,2026-04-02,0
17,Fund F,2026-04-06,0
17,Fund F,2026-04-07,0
17,Fund F,2026-04-08,0
17,Fund F,2026-04-09,0
17,Fund F,2026-04-10,0
17,Fund F,2026-04-13,0
17,Fund F,2026-04-14,0
17,Fund F,2026-04-15,0
17,Fund F,2026-04-16,0
17,Fund F,2026-04-17,0
17,Fund F,2026-04-20,0
17,Fund F,2026-04-22,0
17,Fund F,2026-04-23,0
17,Fund F,2026-04-24,0
17,Fund F,2026-04-27,0
17,Fund F,2026-04-28,0
17,Fund F,2026-04-29,0
17,Fund F,2026-04-30,0
17,Fund F,2026-05-04,0
17,Fund F,2026-05-05,0
17,Fund F,2026-05-06,0
17,Fund F,2026-05-07,0
17,Fund F,2026-05-08,0
17,Fund F,2026-05-11,0
17,Fund F,2026-05-12,0
17,Fund F,2026-05-13,0
17,Fund F,2026-05-14,0
17,Fund F,2026-05-15,0
17,Fund F,2026-05-18,0
17,Fund F,2026-05-19,0
17,Fund F,2026-05-20,0
17,Fund F,2026-05-21,0
17,Fund F,2026-05-22,0
17,Fund F,2026-05-25,0
17,Fund F,2026-05-26,0
17,Fund F,2026-05-27,0
17,Fund F,2026-05-28,0
17,Fund F,2026-05-29,0
17,Fund F,2026-06-01,0
17,Fund F,2026-06-02,0
17,Fund F,2026-06-03,0
17,Fund F,2026-06-05,0
17,Fund F,2026-06-08,0
17,Fund F,2026-06-09,0
17,Fund F,2026-06-10,0
17,Fund F,2026-06-11,0
17,Fund F,2026-06-12,0
17,Fund F,2026-06-15,0
17,Fund F,2026-06-16,0
17,Fund F,2026-06-17,0
17,Fund F,2026-06-18,0
17,Fund F,2026-06-19,0
17,Fund F,2026-06-22,0
17,Fund F,2026-06-23,0
17,Fund F,2026-06-24,0
17,Fund F,2026-06-25,0
17,Fund F,2026-06-26,0
17,Fund F,2026-06-29,0
17,Fund F,2026-06-30,0
17,Fund F,2026-07-01,0
17,Fund F,2026-07-02,0
17,Fund F,2026-07-03,0
17,Fund F,2026-07-06,0
17,Fund F,2026-07-07,0
17,Fund F,2026-07-08,0
17,Fund F,2026-07-09,0
17,Fund F,2026-07-10,0
17,Fund F,2026-07-13,0
17,Fund F,2026-07-14,0
17,Fund F,2026-07-15,0
17,Fund F,2026-07-16,0
17,Fund F,2026-07-17,0
17,Fund F,2026-07-20,0
17,Fund F,2026-07-21,0
17,Fund F,2026-07-22,0
17,Fund F,2026-07-23,0
17,Fund F,2026-07-24,0
17,Fund F,2026-07-27,0
17,Fund F,2026-07-28,0
17,Fund F,2026-07-29,0
17,Fund F,2026-07-30,0
17,Fund F,2026-07-31,0
17,Fund F,2026-08-03,0
17,Fund F,2026-08-04,0
17,Fund F,2026-08-05,0
17,Fund F,2026-08-06,0
17,Fund F,2026-08-07,0
17,Fund F,2026-08-10,0
17,Fund F,2026-08-11,0
21,Fund J,2026-06-25,0
21,Fund J,2026-06-26,0
21,Fund J,2026-06-29,0
21,Fund J,2026-06-30,0
21,Fund J,2026-07-01,0
21,Fund J,2026-07-02,0
21,Fund J,2026-07-03,0
21,Fund J,2026-07-06,0
21,Fund J,2026-07-07,0
21,Fund J,2026-07-08,0
21,Fund J,2026-07-09,0
21,Fund J,2026-07-10,0
21,Fund J,2026-07-13,0
21,Fund J,2026-07-14,0
21,Fund J,2026-07-15,0
21,Fund J,2026-07-16,0
21,Fund J,2026-07-17,0
21,Fund J,2026-07-20,0
21,Fund J,2026-07-21,0
21,Fund J,2026-07-22,0
21,Fund J,2026-07-23,0
21,Fund J,2026-07-24,0
21,Fund J,2026-07-27,0
21,Fund J,2026-07-28,0
21,Fund J,2026-07-29,0
21,Fund J,2026-07-30,0
21,Fund J,2026-07-31,0
21,Fund J,2026-08-03,0
21,Fund J,2026-08-04,0
21,Fund J,2026-08-05,0
21,Fund J,2026-08-06,0
21,Fund J,2026-08-07,0
21,Fund J,2026-08-10,0
21,Fund J,2026-08-11,0
12,Fund B,2025-12-01,0
12,Fund B,2025-12-02,0
12,Fund B,2025-12-03,-0.0005536034641852592
12,Fund B,2025-12-04,0
12,Fund B,2025-12-05,0
12,Fund B,2025-12-08,-0.0009540497099899275
12,Fund B,2025-12-09,-0.00028249461260710024
12,Fund B,2025-12-10,0
12,Fund B,2025-12-11,-0.00007889149977183022
12,Fund B,2025-12-12,0
12,Fund B,2025-12-15,-0.00023823711742562638
12,Fund B,2025-12-16,0
12,Fund B,2025-12-17,0
12,Fund B,2025-12-18,-0.0005471026015399596
12,Fund B,2025-12-19,-0.000770553327841387
12,Fund B,2025-12-22,0
12,Fund B,2025-12-23,-0.0004088061520479506
12,Fund B,2025-12-24,-0.00014111509432617543
12,Fund B,2025-12-26,-0.0002620877415416345
12,Fund B,2025-12-29,-0.0005608329673565054
12,Fund B,2025-12-30,-0.0005192308023137764
12,Fund B,2025-12-31,-0.010372868743055758
12,Fund B,2026-01-02,-0.011729156339648451
12,Fund B,2026-01-05,-0.008918729551275135
12,Fund B,2026-01-06,-0.007736803391677453
12,Fund B,2026-01-07,-0.007133395051731142
12,Fund B,2026-01-08,-0.006546138024914605
12,Fund B,2026-01-09,-0.004300712284705478
12,Fund B,2026-01-12,-0.00307340909442792
12,Fund B,2026-01-13,-0.0020185799083267983
12,Fund B,2026-01-14,-0.0003609125442766426
12,Fund B,2026-01-15,0
12,Fund B,2026-01-16,0
12,Fund B,2026-01-19,0
12,Fund B,2026-01-20,0
12,Fund B,2026-01-21,0
12,Fund B,2026-01-22,-0.00036825833997921145
12,Fund B,2026-01-23,0
12,Fund B,2026-01-26,0
12,Fund B,2026-01-27,0
12,Fund B,2026-01-28,0
12,Fund B,2026-01-29,0
12,Fund B,2026-01-30,0
12,Fund B,2026-02-02,-0.010399834243827042
12,Fund B,2026-02-03,-0.010417653304763698
12,Fund B,2026-02-04,-0.010629809067400344
12,Fund B,2026-02-05,-0.010391625025797274
12,Fund B,2026-02-06,-0.009311072112786407
12,Fund B,2026-02-09,-0.009183021928708311
12,Fund B,2026-02-10,-0.00917748751513137
12,Fund B,2026-02-11,-0.009358848983594733
12,Fund B,2026-02-12,-0.011099650627741589
12,Fund B,2026-02-13,-0.012306746107775322
12,Fund B,2026-02-18,-0.012360329735886695
12,Fund B,2026-02-19,-0.012046249333754843
12,Fund B,2026-02-20,-0.01073034280858008
12,Fund B,2026-02-23,-0.009309457503553064
12,Fund B,2026-02-24,-0.00872395739867155
12,Fund B,2026-02-25,-0.007950909732119404
12,Fund B,2026-02-26,-0.0075699689452285055
12,Fund B,2026-02-27,-0.016627878111476008
12,Fund B,2026-03-02,-0.01726815821155143
12,Fund B,2026-03-03,-0.01699467647773268
12,Fund B,2026-03-04,-0.01645008629113696
12,Fund B,2026-03-05,-0.01580775388655409
12,Fund B,2026-03-06,-0.014917754042762672
12,Fund B,2026-03-09,-0.0144710519725788
12,Fund B,2026-03-10,-0.014864257953706118
12,Fund B,2026-03-11,-0.014734933590052311
12,Fund B,2026-03-12,-0.015606657224509683
12,Fund B,2026-03-13,-0.01569908873983776
12,Fund B,2026-03-16,-0.015304628032258025
12,Fund B,2026-03-17,-0.014428994320018701
12,Fund B,2026-03-18,-0.016155293660750407
12,Fund B,2026-03-19,-0.018278709060391383
12,Fund B,2026-03-20,-0.014933997400712572
12,Fund B,2026-03-23,-0.01612544284305685
12,Fund B,2026-03-24,-0.016102449251324178
12,Fund B,2026-03-25,-0.016028264765645207
12,Fund B,2026-03-26,-0.016669614787501764
12,Fund B,2026-03-27,-0.016403389068671413
12,Fund B,2026-03-30,-0.016685556622040618
12,Fund B,2026-03-31,-0.018224998986978606
12,Fund B,2026-04-01,-0.01775616898904861
12,Fund B,2026-04-02,-0.019650504408787777
12,Fund B,2026-04-06,-0.019689410655374363
12,Fund B,2026-04-07,-0.020299878844002816
12,Fund B,2026-04-08,-0.020842270827666397
12,Fund B,2026-04-09,-0.021115237053717872
12,Fund B,2026-04-10,-0.02807767523193521
12,Fund B,2026-04-13,-0.027094456021322336
12,Fund B,2026-04-14,-0.026708078086470962
12,Fund B,2026-04-15,-0.027026622980398624
12,Fund B,2026-04-16,-0.027199522340229407
12,Fund B,2026-04-17,-0.02780124634993753
12,Fund B,2026-04-20,-0.03037790979575057
12,Fund B,2026-04-22,-0.02970422868298056
12,Fund B,2026-04-23,-0.02919108447018845
12,Fund B,2026-04-24,-0.032136870930491716
12,Fund B,2026-04-27,-0.03210709792529133
12,Fund B,2026-04-28,-0.036892575982002906
12,Fund B,2026-04-29,-0.0366025688199465
12,Fund B,2026-04-30,-0.036656794401126555
12,Fund B,2026-05-04,-0.038347543159039765
12,Fund B,2026-05-05,-0.036314127634315206
12,Fund B,2026-05-06,-0.03640319375931355
12,Fund B,2026-05-07,-0.03633038071882676
12,Fund B,2026-05-08,-0.03750608858442676
12,Fund B,2026-05-11,-0.037080911395166914
12,Fund B,2026-05-12,-0.03738349500143243
12,Fund B,2026-05-13,-0.0379341837421806
12,Fund B,2026-05-14,-0.03757090639124001
12,Fund B,2026-05-15,-0.03832149542695005
12,Fund B,2026-05-18,-0.03841047401289357
12,Fund B,2026-05-19,-0.039513728720787705
12,Fund B,2026-05-20,-0.03921156598284464
12,Fund B,2026-05-21,-0.04016249641308723
12,Fund B,2026-05-22,-0.038681697530894815
12,Fund B,2026-05-25,-0.038910809219387596
12,Fund B,2026-05-26,-0.0371463200906002
12,Fund B,2026-05-27,-0.03589904447620102
12,Fund B,2026-05-28,-0.036132461335409836
12,Fund B,2026-05-29,-0.03514543991458367
12,Fund B,2026-06-01,-0.03478607176603449
12,Fund B,2026-06-02,-0.033113037703051455
12,Fund B,2026-06-03,-0.03067414905765083
12,Fund B,2026-06-05,-0.03200305775863798
12,Fund B,2026-06-08,-0.03244715816811261
12,Fund B,2026-06-09,-0.03171244239468181
12,Fund B,2026-06-10,-0.02803683544215889
12,Fund B,2026-06-11,-0.02720626673807519
12,Fund B,2026-06-12,-0.026752244165799202
12,Fund B,2026-06-15,-0.02717747280857016
12,Fund B,2026-06-16,-0.025161913792044594
12,Fund B,2026-06-17,-0.023027230268001596
12,Fund B,2026-06-18,-0.02338034822530226
12,Fund B,2026-06-19,-0.02375431545655498
12,Fund B,2026-06-22,-0.02440363785466521
12,Fund B,2026-06-23,-0.023642371194110716
12,Fund B,2026-06-24,-0.022669344155650507
12,Fund B,2026-06-25,-0.02396691183243422
12,Fund B,2026-06-26,-0.024834866716050365
12,Fund B,2026-06-29,-0.02400098903569448
12,Fund B,2026-06-30,-0.023846835191797193
12,Fund B,2026-07-01,-0.02237207932509023
12,Fund B,2026-07-02,-0.0207402440592739
12,Fund B,2026-07-03,-0.019571070595053728
12,Fund B,2026-07-06,-0.019853327827321316
12,Fund B,2026-07-07,-0.018361080684805187
12,Fund B,2026-07-08,-0.017750875794200507
12,Fund B,2026-07-09,-0.01716341646800651
12,Fund B,2026-07-10,-0.017508780215831236
12,Fund B,2026-07-13,-0.017906251391506225
12,Fund B,2026-07-14,-0.017715940416406166
12,Fund B,2026-07-15,-0.016772932756952852
12,Fund B,2026-07-16,-0.01617603224643092
12,Fund B,2026-07-17,-0.016145106838206642
12,Fund B,2026-07-20,-0.014556978752540067
12,Fund B,2026-07-21,-0.013508544405070674
12,Fund B,2026-07-22,-0.013686198108234338
12,Fund B,2026-07-23,-0.012088745459713973
12,Fund B,2026-07-24,-0.011858989289246486
12,Fund B,2026-07-27,-0.011133972356761643
12,Fund B,2026-07-28,-0.010951721588766927
12,Fund B,2026-07-29,-0.01164070501464752
12,Fund B,2026-07-30,-0.010527219325619742
12,Fund B,2026-07-31,-0.011010043122321999
12,Fund B,2026-08-03,-0.010746761050108387
12,Fund B,2026-08-04,-0.009054045970492686
12,Fund B,2026-08-05,-0.008305515367023925
12,Fund B,2026-08-06,-0.00799881625799448
12,Fund B,2026-08-07,-0.007924212654774155
12,Fund B,2026-08-10,-0.006369142720504119
12,Fund B,2026-08-11,-0.0022061114048856946
13,Fund C,2026-01-30,0
13,Fund C,2026-02-02,-0.001312151335105746
13,Fund C,2026-02-03,0
13,Fund C,2026-02-04,0
13,Fund C,2026-02-05,0
13,Fund C,2026-02-06,0
13,Fund C,2026-02-09,0
13,Fund C,2026-02-10,0
13,Fund C,2026-02-11,0
13,Fund C,2026-02-12,0
13,Fund C,2026-02-13,0
13,Fund C,2026-02-18,0
13,Fund C,2026-02-19,0
13,Fund C,2026-02-20,0
13,Fund C,2026-02-23,0
13,Fund C,2026-02-24,0
13,Fund C,2026-02-25,0
13,Fund C,2026-02-26,0
13,Fund C,2026-02-27,0
13,Fund C,2026-03-02,0
13,Fund C,2026-03-03,0
13,Fund C,2026-03-04,0
13,Fund C,2026-03-05,0
13,Fund C,2026-03-06,0
13,Fund C,2026-03-09,0
13,Fund C,2026-03-10,0
13,Fund C,2026-03-11,0
13,Fund C,2026-03-12,0
13,Fund C,2026-03-13,0
13,Fund C,2026-03-16,0
13,Fund C,2026-03-17,0
13,Fund C,2026-03-18,0
13,Fund C,2026-03-19,0
13,Fund C,2026-03-20,0
13,Fund C,2026-03-23,0
13,Fund C,2026-03-24,0
13,Fund C,2026-03-25,0
13,Fund C,2026-03-26,0
13,Fund C,2026-03-27,0
13,Fund C,2026-03-30,0
13,Fund C,2026-03-31,0
13,Fund C,2026-04-01,0
13,Fund C,2026-04-02,0
13,Fund C,2026-04-06,0
13,Fund C,2026-04-07,0
13,Fund C,2026-04-08,0
13,Fund C,2026-04-09,0
13,Fund C,2026-04-10,0
13,Fund C,2026-04-13,0
13,Fund C,2026-04-14,0
13,Fund C,2026-04-15,0
13,Fund C,2026-04-16,0
13,Fund C,2026-04-17,0
13,Fund C,2026-04-20,0
13,Fund C,2026-04-22,0
13,Fund C,2026-04-23,0
13,Fund C,2026-04-24,0
13,Fund C,2026-04-27,0
13,Fund C,2026-04-28,0
13,Fund C,2026-04-29,0
13,Fund C,2026-04-30,0
13,Fund C,2026-05-04,0
13,Fund C,2026-05-05,0
13,Fund C,2026-05-06,-0.00029287862922731397
13,Fund C,2026-05-07,-0.00011978900366236742
13,Fund C,2026-05-08,0
13,Fund C,2026-05-11,0
13,Fund C,2026-05-12,0
13,Fund C,2026-05-13,0
13,Fund C,2026-05-14,0
13,Fund C,2026-05-15,0
13,Fund C,2026-05-18,0
13,Fund C,2026-05-19,0
13,Fund C,2026-05-20,0
13,Fund C,2026-05-21,-0.0002937243250241458
13,Fund C,2026-05-22,-0.00012279931411603525
13,Fund C,2026-05-25,0
13,Fund C,2026-05-26,0
13,Fund C,2026-05-27,0
13,Fund C,2026-05-28,0
13,Fund C,2026-05-29,0
13,Fund C,2026-06-01,0
13,Fund C,2026-06-02,0
13,Fund C,2026-06-03,0
13,Fund C,2026-06-05,0
13,Fund C,2026-06-08,0
13,Fund C,2026-06-09,0
13,Fund C,2026-06-10,0
13,Fund C,2026-06-11,0
13,Fund C,2026-06-12,0
13,Fund C,2026-06-15,0
13,Fund C,2026-06-16,0
13,Fund C,2026-06-17,0
13,Fund C,2026-06-18,0
13,Fund C,2026-06-19,0
13,Fund C,2026-06-22,0
13,Fund C,2026-06-23,0
13,Fund C,2026-06-24,0
13,Fund C,2026-06-25,-0.2713419305771194
13,Fund C,2026-06-26,-0.2711918077216757
13,Fund C,2026-06-29,-0.2708679982160132
13,Fund C,2026-06-30,-0.2707166284757471
13,Fund C,2026-07-01,-0.270561553740799
13,Fund C,2026-07-02,-0.2704017464374069
13,Fund C,2026-07-03,-0.2702410791061741
13,Fund C,2026-07-06,-0.26989868806996714
13,Fund C,2026-07-07,-0.26972979410067766
13,Fund C,2026-07-08,-0.2695534639599548
13,Fund C,2026-07-09,-0.2693980380374714
13,Fund C,2026-07-10,-0.2692432816900122
13,Fund C,2026-07-13,-0.26861570247320354
13,Fund C,2026-07-14,-0.2681601134147947
13,Fund C,2026-07-15,-0.26770425594669933
13,Fund C,2026-07-16,-0.2672487098230197
13,Fund C,2026-07-17,-0.2667937293383118
13,Fund C,2026-07-20,-0.2661627153045218
13,Fund C,2026-07-21,-0.26570520736128506
13,Fund C,2026-07-22,-0.265246188316535
13,Fund C,2026-07-23,-0.26478799693433697
13,Fund C,2026-07-24,-0.2643301133605261
13,Fund C,2026-07-27,-0.2637063142162079
13,Fund C,2026-07-28,-0.2632486032701516
13,Fund C,2026-07-29,-0.26278881116840513
13,Fund C,2026-07-30,-0.26232985069033565
13,Fund C,2026-07-31,-0.2618760633737323
13,Fund C,2026-08-03,-0.26125087114043843
13,Fund C,2026-08-04,-0.26117965836580453
13,Fund C,2026-08-05,-0.26111489405128424
13,Fund C,2026-08-06,-0.2610461942046138
13,Fund C,2026-08-07,-0.26066735107126643
13,Fund C,2026-08-10,-0.2601160906253378
13,Fund C,2026-08-11,-0.25972842394139795
14,Fund D,2026-04-15,0
14,Fund D,2026-04-16,0
14,Fund D,2026-04-17,0
14,Fund D,2026-04-20,0
14,Fund D,2026-04-22,0
14,Fund D,2026-04-23,0
14,Fund D,2026-04-24,0
14,Fund D,2026-04-27,0
14,Fund D,2026-04-28,0
14,Fund D,2026-04-29,0
14,Fund D,2026-04-30,-0.0007357246851918715
14,Fund D,2026-05-04,-0.0007357246851918715
14,Fund D,2026-05-05,-0.0007357246851918715
14,Fund D,2026-05-06,-0.0007357246851918715
14,Fund D,2026-05-07,-0.0007357246851918715
14,Fund D,2026-05-08,-0.0007357246851918715
14,Fund D,2026-05-11,-0.0007357246851918715
14,Fund D,2026-05-12,-0.0007357246851918715
14,Fund D,2026-05-13,-0.0007357246851918715
14,Fund D,2026-05-14,-0.0007357246851918715
14,Fund D,2026-05-15,-0.0007357246851918715
14,Fund D,2026-05-18,-0.0007357246851918715
14,Fund D,2026-05-19,-0.0007357246851918715
14,Fund D,2026-05-20,-0.0007357246851918715
14,Fund D,2026-05-21,-0.0007357246851918715
14,Fund D,2026-05-22,-0.0007357246851918715
14,Fund D,2026-05-25,-0.0007357246851918715
14,Fund D,2026-05-26,-0.0007357246851918715
14,Fund D,2026-05-27,-0.0007357246851918715
14,Fund D,2026-05-28,-0.0007357246851918715
14,Fund D,2026-05-29,-0.0015878834228096853
14,Fund D,2026-06-01,-0.0015878834228096853
14,Fund D,2026-06-02,-0.0015878834228096853
14,Fund D,2026-06-03,-0.0015878834228096853
14,Fund D,2026-06-05,-0.0015878834228096853
14,Fund D,2026-06-08,-0.0015878834228096853
14,Fund D,2026-06-09,-0.0015878834228096853
14,Fund D,2026-06-10,-0.0015878834228096853
14,Fund D,2026-06-11,-0.0015878834228096853
14,Fund D,2026-06-12,-0.0015878834228096853
14,Fund D,2026-06-15,-0.0015878834228096853
14,Fund D,2026-06-16,-0.0015878834228096853
14,Fund D,2026-06-17,-0.0015878834228096853
14,Fund D,2026-06-18,-0.0015878834228096853
14,Fund D,2026-06-19,-0.0015878834228096853
14,Fund D,2026-06-22,-0.0015878834228096853
14,Fund D,2026-06-23,-0.0015878834228096853
14,Fund D,2026-06-24,-0.0019900779896992286
14,Fund D,2026-06-25,-0.0020329547792311644
14,Fund D,2026-06-26,-0.002075831560249312
14,Fund D,2026-06-29,-0.0021187088776360974
14,Fund D,2026-06-30,-0.0019578464318894912
14,Fund D,2026-07-01,-0.0019971568382411145
14,Fund D,2026-07-02,-0.0020364672531065255
14,Fund D,2026-07-03,-0.0020757776594581482
14,Fund D,2026-07-06,-0.0021150880743235592
14,Fund D,2026-07-07,-0.0021543984806751825
14,Fund D,2026-07-08,-0.0021937083506581682
14,Fund D,2026-07-09,-0.002233018757009791
14,Fund D,2026-07-10,-0.002272329171875202
14,Fund D,2026-07-13,-0.0022716662372669633
14,Fund D,2026-07-14,-0.002310976643618586
14,Fund D,2026-07-15,-0.002338532633447251
14,Fund D,2026-07-16,-0.0023723735610965847
14,Fund D,2026-07-17,-0.0024062619190582816
14,Fund D,2026-07-20,-0.002440168598691529
14,Fund D,2026-07-21,-0.0024739955126459874
14,Fund D,2026-07-22,-0.0025079819664718117
14,Fund D,2026-07-23,-0.002541802954829895
14,Fund D,2026-07-24,-0.002575686459932492
14,Fund D,2026-07-27,-0.0026095705099175143
14,Fund D,2026-07-28,-0.002643408738696085
14,Fund D,2026-07-29,-0.002677211405382618
14,Fund D,2026-07-30,-0.0027111261731143656
14,Fund D,2026-07-31,-0.0025397500166409646
14,Fund D,2026-08-03,-0.00258262733402775
14,Fund D,2026-08-04,-0.0026255041150458976
14,Fund D,2026-08-05,-0.0026683808960640456
14,Fund D,2026-08-06,-0.002350931662906898
14,Fund D,2026-08-07,-0.002391212223902954
14,Fund D,2026-08-10,-0.002431508952582223
14,Fund D,2026-08-11,-0.0024659524435698315
